gene	avg_logFC	pval
l(2)gl	3.946911096572876	0
Cda5	-2.290735960006714	0
Sam-S	-2.1002819538116455	0
CG3164	3.4228758811950684	0
Gs1	-2.732081890106201	0
CG31974	4.542108058929443	0
CG42399	-2.8168110847473145	0.00004999999873689376
CG17075	-2.609276056289673	0
CG11601	-2.092041015625	0
Plc21C	-2.3310821056365967	0
CG4133	-2.7839760780334473	0
CG4297	2.0726540088653564	0
lwr	-1.507733941078186	0
Eaat2	1.7904560565948486	0
GABA-B-R3	-2.964543104171753	0
Saf6	-1.966249942779541	0.000493000028654933
CG3876	-2.135190010070801	0
dock	-1.9797240495681763	0
CG4341	-2.660367965698242	0
IA-2	-2.8821310997009277	0
Pino	3.177867889404297	0
CG4577	-1.6436179876327515	0
CG31922	-1.588621973991394	0.0000019999999949504854
CG5001	3.833559036254883	0.014551999978721142
robo3	-3.331825017929077	0
lea	-3.559436082839966	0
haf	-4.068047046661377	0
chinmo	-4.005931854248047	0
mRpL48	-1.768784999847412	0
Eno	1.5814800262451172	0
CG31937	2.815303087234497	0
wry	-2.72825288772583	0
CG31663	5.846848011016846	0
erm	1.9055689573287964	0.000018000000636675395
Got2	2.430582046508789	0
Npc2a	4.648209095001221	0
CG33543	-2.9767138957977295	0
CG4238	-1.9367029666900635	0
dpr3	-2.77252197265625	0
CG15382	-2.419255018234253	0.00820900034159422
aop	1.6010370254516602	0
CG10880	-2.0152618885040283	0.0006380000268109143
CG9967	4.017226219177246	0.026373999193310738
eys	-3.1575710773468018	0
CG3609	1.5681129693984985	0.001256000017747283
CG15390	-2.1423110961914062	0.001256000017747283
VGlut	-1.5425679683685303	0
Drp1	-1.72250497341156	0
CG31689	4.998064041137695	0
colt	2.165487051010132	0
CG2862	1.7063020467758179	0
Syt1	-3.640079975128174	0
G6P	-3.373181104660034	0
CG3104	-2.773045063018799	0
CG8814	-1.7089990377426147	0
NTPase	1.8751120567321777	0
Rbp9	-3.1805479526519775	0
Rrp1	-2.274017095565796	0.000007999999979801942
gammaTub23C	-1.6091879606246948	0
GABPI	-2.215833902359009	0
gkt	-1.846474051475525	9.999999974752427e-7
CG34393	-3.060839891433716	0
CG9664	3.9574949741363525	0.00006500000017695129
E23	4.827017784118652	0
pgant2	-2.8685450553894043	0
Thor	2.722620964050293	0.02967200055718422
tim	4.2138848304748535	0
for	4.187096118927002	0
CG34340	2.9725160598754883	0
Shaw	-2.8461990356445312	0
CG10019	-2.7038159370422363	0
CG43707	-3.294193983078003	0
Reph	-2.08489990234375	0
Cep97	-2.1385610103607178	0
fred	-2.9179201126098633	0
ed	-2.74153995513916	0
CG31961	-1.6971080303192139	0
tutl	-3.7370998859405518	0
CG16857	4.755698204040527	0
Atet	-1.9017729759216309	0
CG15431	-3.215683937072754	0
morgue	-1.7285189628601074	0
ine	4.845273971557617	0
CG34351	-2.7777700424194336	0
CG15630	3.268281936645508	0
CG15628	-3.1120259761810303	0
CG12194	-3.1100239753723145	0
mRpS2	-1.6841490268707275	0
pog	-3.639457941055298	0
hoe1	5.018633842468262	0
hoe2	-2.093082904815674	0.00005400000009103678
jet	-1.5288059711456299	9.999999974752427e-7
Scox	-1.6235560178756714	0
Rtnl1	-2.2309470176696777	0
vkg	5.122710227966309	0
Cg25C	5.318935871124268	0
CG31650	-1.806388020515442	0
CG9121	-3.323806047439575	0
His3.3A	-1.8570410013198853	0
qtc	-3.184907913208008	0
CG4230	-2.415623903274536	0
Cyp28d1	4.58669900894165	0
tkv	3.043272018432617	0
vri	3.60440993309021	0
CG14024	-2.867136001586914	0
CG12512	3.904184103012085	0.00009100000170292333
CG14015	-3.2981810569763184	0
CG14010	-2.7145419120788574	0.000043000000005122274
CG31646	-3.401078939437866	0
CG11030	-2.7727999687194824	0
CG9171	-2.076414108276367	0
TrissinR	-3.013209104537964	0
bchs	-1.9729249477386475	0
CG9016	-3.203989028930664	0.0452830009162426
CG13999	-3.098215103149414	0
ifc	2.6582560539245605	0
CG9098	-3.4091880321502686	0
CG13995	-2.92936110496521	0
CG9175	-1.6067719459533691	0
stai	-3.379288911819458	0
CG34380	-2.80717396736145	0
Ddr	-2.8389880657196045	0
CG9486	4.620443820953369	0
Pez	4.289383888244629	0.02949400059878826
Cpr	2.0771400928497314	0
CG9507	5.933626174926758	0
CG13982	-3.6325318813323975	0
retm	2.192513942718506	0
CG16947	3.5470879077911377	0
mmy	-1.8126790523529053	0
Sec61alpha	1.688297986984253	0
CG9547	3.7574329376220703	0.000003000000106112566
CG31637	-1.609307050704956	0
Ent2	1.7793480157852173	0.000003000000106112566
CG11319	-3.1266798973083496	0
Spn27A	3.6255950927734375	0
CG11221	-2.5919599533081055	0
CG17378	-3.264686107635498	0
nrv2	5.305484771728516	0
Nlg2	-3.5813019275665283	0
Wee1	-2.019774913787842	0
x16	-2.267158031463623	0
SA	-1.5719120502471924	0.00003199999991920777
ade3	3.96230411529541	0
Mnn1	-2.081294059753418	0
Pvf3	-3.0570249557495117	0
CG4497	-1.5810860395431519	0
ico	-1.7638980150222778	0
Ndae1	-3.231945037841797	0
Wnt4	-2.7464919090270996	0.0006270000012591481
CG5160	2.3487839698791504	0.00011200000153621659
santa-maria	4.970708847045898	0
Slob	-3.153749942779541	0
Tep2	3.0279510021209717	0.00165200000628829
CG7154	-1.544306993484497	0
CG7149	2.3037259578704834	0
CG14535	-2.954767942428589	0
Proc	-1.630676031112671	0
CG7231	-2.8976240158081055	0
Sirup	3.305624008178711	0
Wwox	2.059175968170166	0
CG12560	2.4330430030822754	0.0025869999080896378
baf	1.6851880550384521	0
Trf	-1.6968469619750977	0.00020300000323913991
Bsg	-2.1609981060028076	0
CG8673	-3.593820095062256	0.006163999903947115
Piezo	-1.7270450592041016	0
CG8475	2.003117084503174	0
CG8353	-2.184454917907715	0.001290000043809414
Scgalpha	-3.1929290294647217	0
CG7818	-1.5696430206298828	0.01910500042140484
CG14274	-1.9448050260543823	0.003493000054731965
CG7627	-1.612475037574768	0.0000019999999949504854
CG17292	3.373478889465332	0.010514000430703163
CG17294	-1.6313879489898682	0
CG31898	-1.6654959917068481	0.007089000195264816
CG13397	4.498610973358154	0
D12	-2.112795114517212	0.03857799991965294
mus201	-1.5659650564193726	0.0002229999954579398
fu12	1.9441590309143066	0
Acer	-2.453562021255493	0.000012000000424450263
PrBP	-2.2341699600219727	0
Hnf4	5.80348014831543	0
SoxN	-2.6531660556793213	0
Try29F	-2.279649019241333	0.03924499824643135
CG31708	-1.9923980236053467	0.000043000000005122274
CG13108	-3.64152193069458	0
Ggamma30A	-3.2387590408325195	0
Eaat1	3.1023778915405273	0
Shawl	-3.135021924972534	0
Aldh	4.397511959075928	0
numb	-3.1060540676116943	0
CG33298	-1.9313119649887085	0
jp	-3.0095040798187256	0
CG3838	-2.4559600353240967	0
Mtpalpha	2.4204249382019043	0
Apoltp	-2.4031460285186768	0.001588999992236495
CG31710	4.5554518699646	0
Nckx30C	-3.5040340423583984	0
nAChRalpha6	-3.9771571159362793	0
CG13124	3.3544540405273438	0
yip2	3.1604549884796143	0
CG4598	2.637850046157837	0
CG4592	4.07765007019043	0
CR13130	3.3323209285736084	0.017433999106287956
CG44153	-3.145979881286621	0
CG5708	-1.8182810544967651	0
bsk	-2.179068088531494	0
Ror	-2.6119089126586914	0
Cdk5alpha	-3.3045740127563477	0
CG5381	4.2549262046813965	0.0009800000116229057
CG5375	-3.2164618968963623	0
CG5022	-2.9482829570770264	0
rho-5	-3.038151979446411	0
dpr19	-3.496480941772461	0
da	-1.5041069984436035	0
Mdh1	3.2671279907226562	0
CG5337	-2.328450918197632	0
holn1	-1.7608890533447266	0
CG13142	-2.0453391075134277	0.00021899999410379678
LM408	4.435914993286133	0
Lrr47	-1.9823449850082397	0.01771399937570095
Trim9	-3.2059779167175293	0
CG6443	-1.5796639919281006	0
CG12299	-2.1131858825683594	0
CG17124	-2.6197149753570557	0
CG6495	-2.5587000846862793	0
CG6724	-1.620481014251709	0.010466000065207481
CG31869	5.892658233642578	0
CR44582	7.112167835235596	9.999999974752427e-7
Nos	-2.0553369522094727	0
CG43129	4.089652061462402	0
dpr2	-2.85343599319458	0
CG16743	6.504711151123047	0
CG12253	-2.10201096534729	0
Samuel	4.358619213104248	0.010608999989926815
CG16854	-2.578763961791992	0
CG6201	-3.054800033569336	0.0009529999806545675
Csl4	-2.113208055496216	0
CG4751	-2.0417470932006836	0
CG6287	4.2520952224731445	0
Ca-beta	-3.2891321182250977	0
salr	-3.488313913345337	0
salm	-2.7887990474700928	9.999999974752427e-7
CG31705	5.289578914642334	0
CG31706	5.315831184387207	0
kek2	-3.6297919750213623	0
Pde1c	-3.1645491123199463	0
Mal-B2	4.2082672119140625	0.00355300004594028
Qtzl	-1.5915379524230957	0
CG6746	1.897035002708435	0
CG6734	-1.5627410411834717	0.00012700000661425292
Tom70	-1.8745280504226685	0
CG6770	1.8759360313415527	0
CG14945	5.606389999389648	0
CG14946	-2.6532819271087646	0
Patsas	-2.360356092453003	0
CG31760	-2.5845448970794678	0
aret	-3.052311897277832	0
bru-2	-2.846165895462036	0.02523699961602688
vir-1	5.238275051116943	0
Oatp33Ea	4.121272087097168	0.0016670000040903687
PICK1	-1.9371559619903564	0
kek1	-3.4840428829193115	0
Vha68-2	3.212678909301758	0
Vha68-1	-2.5580379962921143	0
CG9932	2.9300971031188965	0
CG16974	1.5986130237579346	0
kek4	-3.565110921859741	0
CG16812	-1.6541060209274292	0
Drep-4	-2.0783650875091553	0
CG43778	-2.869055986404419	0
CG9395	-3.0002729892730713	0
CG9377	5.00113582611084	0
CG9305	-2.09157395362854	0.004796000197529793
loqs	-2.4875309467315674	0
CG42784	-2.5320510864257812	0
CG43850	-4.036503791809082	0
CG31814	-2.6084060668945312	0
CAH1	5.056807994842529	0
CenG1A	-2.0403330326080322	0
Cyp28a5	4.45650577545166	0
nAChRalpha5	-4.2554497718811035	0
CG17341	-2.8057010173797607	0
Dyrk2	-1.8773980140686035	0
CG33090	-1.9172190427780151	0
CR43411	4.3906378746032715	0.0003429999924264848
Adh	5.720590114593506	0
CG42313	-4.018091201782227	0
mol	5.161917209625244	0
GABA-B-R1	-3.939565896987915	0
CG33310	-3.211168050765991	0.0016090000281110406
Su(H)	-1.7853840589523315	0
ck	3.849492073059082	9.999999974752427e-7
vig	-1.7916500568389893	0
CG15270	-2.6553680896759033	0
CG4168	-2.7103381156921387	0
dao	-3.685976982116699	0
UK114	3.776442050933838	0
kek3	-3.1567399501800537	0
CG4587	-3.71891188621521	0
CG3793	-1.955976963043213	0
beat-Ib	-3.3621840476989746	0
beat-Ic	-3.3730180263519287	0
beat-Ia	-3.368558883666992	0
Ca-alpha1D	-3.2657110691070557	0
CG42817	-3.1348540782928467	0
CG4935	-1.5889389514923096	0.015562999993562698
CaBP1	-1.5572550296783447	0
CG5888	4.461051940917969	0
Idgf2	4.17401123046875	0.00002300000051036477
Idgf3	5.116779804229736	0
dac	-2.91959810256958	0
CG31815	2.0119879245758057	0.00008199999865610152
CG4631	2.3053081035614014	0.02464199997484684
grp	-2.837601900100708	0
glu	-1.8315880298614502	0.0007670000195503235
CG17928	4.511606216430664	0.000015999999959603883
Ugt36Bc	4.547091960906982	0
mdy	6.105534076690674	0
CG13284	-2.4572479724884033	0.000003000000106112566
CG12288	-1.9680579900741577	0.004592000041157007
beat-IIIb	-3.704576015472412	0
CLIP-190	2.052834987640381	0
Rpb11	-1.786059021949768	0
CG15141	-1.5857620239257812	0
BicD	-1.6117700338363647	0
Oli	-2.96635103225708	0
Sytalpha	-2.585304021835327	0
CadN	-3.3864030838012695	0
CadN2	-3.4526610374450684	0
CR45332	-3.7976179122924805	0
CR45333	-4.251453876495361	0
rdo	-2.963320016860962	0
CG5758	3.752089023590088	0
CG42750	-3.662092924118042	0
CG7180	-2.437983989715576	0
Fas3	-3.0379021167755127	0
CG10283	-2.1770999431610107	0
kon	3.8200199604034424	0.00001700000029813964
CG10178	5.212499141693115	0
MESR3	2.571997880935669	0
CG31751	1.7852009534835815	0
Irk3	4.246729850769043	0
CG17321	-3.4044270515441895	0
tup	-2.747602939605713	0
CG10623	2.6988070011138916	0
CG31793	-1.6235860586166382	0.02150600031018257
Side	-3.4406158924102783	0.0000019999999949504854
hk	-1.8100199699401855	0
CG17343	-1.6738660335540771	0
Lim3	-2.7121338844299316	0.00003899999865097925
Ddc	-3.4836459159851074	0
brat	-2.842556953430176	0
pigeon	-1.8049310445785522	0
drl	-2.7539761066436768	0
dnt	-1.632025957107544	0.04795999825000763
CG16771	2.2848639488220215	0.005979000125080347
CG9987	-1.7013930082321167	0
Rab9	2.436016082763672	0
CG10188	-1.9399479627609253	0
CG10186	-3.0615549087524414	0
CG10137	-2.6329588890075684	0
CG10165	3.8950400352478027	0.013611000031232834
CG33116	-1.6289479732513428	0
CG10366	-1.80629301071167	0
Lar	-2.884268045425415	0
CR44978	-2.8470120429992676	0
CG10462	3.79960298538208	0.0006140000186860561
Nf-YB	-1.5816680192947388	0
CG10628	-1.7064850330352783	0
fs(2)ltoPP43	-1.8056440353393555	0
sick	2.0246729850769043	0
sNPF	-2.1951661109924316	0
fok	2.140294075012207	0
spir	1.6909250020980835	0
La	-1.6909840106964111	0
CG10947	-2.063380002975464	0
CG31688	-3.7558720111846924	0
CG31687	-2.455246925354004	0
CG2493	4.779800891876221	0
CR45347	-4.946713924407959	0.0022070000413805246
CG31678	-2.090881109237671	0
Cen	-1.663830041885376	0
Hr38	-3.9218239784240723	0.0028639999218285084
dia	2.270517110824585	0
CG9331	2.2237350940704346	0
CG31673	2.218435049057007	0
CG31676	5.517858028411865	0
CG9336	3.307655096054077	0.00002099999983329326
sky	2.26724910736084	0
CG9265	-3.6398160457611084	0
tadr	-3.5509870052337646	0
CG34136	2.139394998550415	0.000007999999979801942
CG9257	-2.4312219619750977	0
Nhe2	-3.495055913925171	0
Dap160	-2.3223650455474854	0
Mpp6	-1.6571680307388306	0.00003199999991920777
CR44785	5.443108081817627	0
Tsp39D	-2.553467035293579	0
nrv3	-3.047811985015869	0
CG2201	-2.738234043121338	0
CR43148	-3.0103259086608887	0.000050999999075429514
Df31	-1.8743809461593628	0
Ac3	-2.7291951179504395	0
CG2225	-1.8636690378189087	0
CG31619	2.020843029022217	0
tio	-2.3802990913391113	9.999999974752427e-7
Tif-IA	-1.509937047958374	0
CG17715	-1.539674997329712	0
CR43242	-1.5705640316009521	0
Gpb5	-2.7330410480499268	0
CG43676	-2.814326047897339	0.03176400065422058
CG40498	-3.2835381031036377	0
l(2)41Ab	-2.6527719497680664	0
CG17684	-2.910262107849121	0
CG42596	-3.1243770122528076	0
CG17508	1.9166500568389893	0
CG8245	-2.4921319484710693	0
ap	-3.634165048599243	0.00010800000018207356
ZnT41F	4.266386032104492	0.010386000387370586
dpr12	-3.2475030422210693	0
Act42A	-2.362035036087036	0
CG14591	-3.2207911014556885	0
EcR	-1.721492052078247	0
Cyp6w1	5.014554977416992	0
Ptr	4.820352077484131	0
l(2)k14710	-1.5429519414901733	0
Pld	3.8999218940734863	0.00023099999816622585
debcl	3.878767967224121	0
sced	-1.8347840309143066	0
Hsepi	-1.6416800022125244	0
CG9422	-1.9897550344467163	0
l(2)01289	3.9076099395751953	0.00020799999765586108
CG9436	4.195830821990967	0
Cyp6a2	3.943079948425293	0
CG15236	-2.9535410404205322	0
CG30158	-2.5124928951263428	0
vimar	-1.8972009420394897	0
CG17002	-1.5482009649276733	0.00031400000443682075
Tsp42Ea	3.671761989593506	0
CG30159	3.3210179805755615	0
Tsp42Ee	2.4047060012817383	0
Tsp42Ef	4.178816795349121	0
Tsp42Ej	-3.093302011489868	0
Tsp42Ek	-2.020453929901123	0.000003000000106112566
CG12836	-2.987027883529663	0.015201999805867672
esn	-2.4583780765533447	0
Spn43Ab	5.228813171386719	0
Dscam1	2.8075270652770996	0
cos	-2.1082239151000977	0
sPLA2	-3.0603408813476562	0
wech	-3.1541640758514404	0
CG1620	-1.8455569744110107	0
didum	-2.6913750171661377	0
CG2144	-2.2416820526123047	0.00021600000036414713
Drat	-2.6803340911865234	0
CG30499	2.0970189571380615	0.0015559999737888575
blow	3.4741530418395996	9.999999974752427e-7
CG1358	2.8665690422058105	0
CR45131	4.717203140258789	0
CG43341	4.913022041320801	0
CG1941	4.344223976135254	0.0014189999783411622
CG18812	-2.017849922180176	0
Gapdh1	1.8069679737091064	0
Nop17l	2.869079113006592	0
CG12822	-1.6368939876556396	0
Dgk	-3.3807060718536377	0
CG30381	-1.5686969757080078	0.0009830000344663858
CG8726	-1.8813929557800293	0
CG11191	-2.731837034225464	0
Optix	-2.7955410480499268	0
CG12769	-2.2476329803466797	0
CG17977	-2.643681049346924	0
Obp44a	3.4398319721221924	0
kermit	3.649669885635376	0.028891999274492264
Gasz	-2.368778944015503	0
LRP1	2.1113440990448	0
pnut	-1.67904794216156	0
Mal-A5	5.395957946777344	0
mtt	-2.8759779930114746	0
Cyp6a13	5.356489181518555	0
Acsl	2.6661899089813232	0
stmA	-2.2138519287109375	0
CG8740	4.548649787902832	0
sns	-2.8205349445343018	0
RyR	-2.7622759342193604	0
CG34219	-3.32899808883667	0
CG8248	-3.057426929473877	0
CG33199	-2.489422082901001	0
CG8216	-2.1927599906921387	0
PPO2	-2.2497971057891846	0
CG13743	-2.590117931365967	0
ana	6.28607177734375	0
GstE13	-1.8776960372924805	0
CG18659	2.032947063446045	0
Hydr1	3.1518399715423584	0
hig	-2.6890969276428223	0
CG30343	-1.6771719455718994	0.030401000753045082
Pkn	3.8249099254608154	0
CR45132	3.8765110969543457	0.00724499998614192
Mad1	-1.6113619804382324	0.000014999999621068127
Drep-2	-3.497967004776001	0
Myd88	3.971540927886963	0
CG13954	-3.4472599029541016	0
CG13739	-3.7198739051818848	0
Pdk	3.637202024459839	0
ced-6	4.691003799438477	0
CR45321	4.323934078216553	0.0034970000851899385
Camta	-2.3318140506744385	0
brp	-3.40887188911438	0
CG1902	-1.926880955696106	0
CG12926	4.375798225402832	0
Mmp2	-3.1418049335479736	0
dap	3.0267200469970703	0.000037000001611886546
CG1688	-3.1821060180664062	0
CG1665	3.8048250675201416	0
CG1667	3.8240621089935303	0.02838899940252304
CG1516	-2.547297954559326	0
CG30010	-1.719527006149292	0
cbx	-1.620337963104248	0
CG1513	-1.879027009010315	0
Etf-QO	1.6064889430999756	0.0008270000107586384
Pal1	-1.7158390283584595	0
Pka-R2	-1.977442979812622	0
magu	4.057310104370117	0
egr	2.9818079471588135	0.001117000007070601
CG2269	-2.8538620471954346	0
14-3-3zeta	-1.7245889902114868	0
gem	4.582230091094971	0
mlt	2.485274076461792	0
Hr46	-3.126370906829834	0
CG12913	-3.0482521057128906	0
Syb	3.624145984649658	0
CAP	4.330316066741943	0
CG42732	-3.30281400680542	0
Prx2540-1	3.6210649013519287	0.00002099999983329326
Galphao	-2.709913969039917	0
CG11777	-1.50388503074646	0.003073000116273761
whd	2.7620930671691895	0
stan	-2.7737739086151123	0
Rab3	-2.6387898921966553	0
Mat1	-1.541401982307434	0
wde	-1.9855190515518188	0
CG12344	5.4104790687561035	0
CG18004	-1.7187329530715942	0
CG13229	-2.318336009979248	0.03005800023674965
CG12391	-1.5366840362548828	0
Syx6	-2.500802993774414	0
CG7737	3.5196309089660645	0
metro	-2.956537961959839	0
Vhl	-1.7173789739608765	0
CG13204	-1.7935889959335327	0
Sod3	5.30479097366333	0
qvr	-4.022538185119629	0
E(Pc)	-1.5662540197372437	0
wal	2.292691946029663	0
pyr	-2.4894111156463623	0.030479000881314278
ths	-2.8910670280456543	0
Sln	-2.9244980812072754	0
Ef1alpha48D	3.2706730365753174	0
MCPH1	2.731714963912964	0.0278680007904768
CG8298	-1.8841149806976318	0
otk	-4.8787617683410645	0.00015100000018719584
Drep-1	-3.302985906600952	0
Drep-3	-2.5378949642181396	0
jeb	-3.1323530673980713	0
CG18343	3.9807488918304443	0
CG8407	-2.844597101211548	0.008275000378489494
Cam	-2.764636993408203	0
CG42700	-3.2274041175842285	0
CG17739	3.115730047225952	0
CG8839	1.8658839464187622	0
CG8525	3.28144907951355	0.005948999896645546
Dyb	-2.7331180572509766	0
Lac	-2.2931699752807617	0.002776999957859516
fra	-2.9247610569000244	0
Amph	3.0345299243927	0
Galphaq	-1.5750980377197266	0
Iswi	-1.5592230558395386	0
ZnT49B	-1.8266119956970215	0
nemy	4.066219806671143	0
CG42708	-2.4585421085357666	0
CG13148	-2.1982460021972656	0
CG42663	-2.6305389404296875	0
Taz	-1.5323859453201294	0
mRpL18	-1.674180030822754	0
Dgkepsilon	-2.3777499198913574	0
sca	-3.163400888442993	0
vg	-3.5080790519714355	0.0028909998945891857
Drl-2	-3.0009169578552246	0
CG13325	-3.1596360206604004	0.005233000032603741
CG3955	-3.2217540740966797	0
Ack-like	-1.571951985359192	0
GLaz	5.287868022918701	0
AGBE	1.9202769994735718	0
CG17724	-1.8732329607009888	0
Kdm4B	-1.6201159954071045	0
Aats-val	-1.5690840482711792	0.000003000000106112566
CG4676	-4.016120910644531	0.019044000655412674
CG10799	3.3976309299468994	0.0021830000914633274
Dh31-R	-2.306061029434204	0.00012399999832268804
CR44206	2.489645004272461	0.027652999386191368
CR45312	-4.02225399017334	0
CG33156	-1.5568560361862183	0
CG6191	-2.430177927017212	0
fas	-3.5119059085845947	0
CG13337	-2.676461935043335	0.028008999302983284
stj	-3.3618929386138916	0
CG6329	-3.5590128898620605	0
CG6357	4.472654819488525	0
Syngr	-2.934377908706665	0
CG6543	2.4517860412597656	0
CG13344	-2.678581953048706	0
CG6701	4.54573392868042	0
mam	-1.941478967666626	0
CG30069	3.979944944381714	0
VGAT	-2.809040069580078	0
CG8485	-1.895143985748291	0
beta4GalNAcTA	-1.9126479625701904	0
CG8547	4.6093621253967285	0
Ih	-3.5915160179138184	0
CG8613	-1.8241750001907349	0
CG8617	-1.7232179641723633	0
Dh44-R1	-1.9592570066452026	0.000003999999989900971
phyl	-3.514436960220337	0
Cpr51A	4.037984848022461	0.008421000093221664
CG30197	5.2810378074646	0
Uhg5	-1.8331190347671509	0
mspo	-3.2086150646209717	0
CG12858	-2.9131009578704834	0
CG10151	-1.9979599714279175	0
Spred	-2.2668609619140625	0
BEAF-32	-1.7394440174102783	0
kn	-2.695543050765991	0.025321999564766884
HPS1	-1.661870002746582	0
Cyp6a17	4.359992027282715	0
Cyp6a23	3.4987258911132812	0.006393000017851591
Cyp6a20	3.038814067840576	0.0000019999999949504854
CG10249	-3.4047749042510986	0
CG10253	-2.870266914367676	0
Lap1	-1.6013400554656982	0.00022699999681208283
aPKC	-2.1565001010894775	0
pcs	1.6644409894943237	0
CG7639	-2.0880019664764404	0
hbs	-3.392235040664673	0
chn	-3.3326199054718018	0
igl	-2.9621500968933105	0
CG8155	-1.5063600540161133	0
Hr51	-2.985563039779663	0.0017750000115484
unc-5	-2.664138078689575	0
CG43729	-3.5972509384155273	0
CG8180	5.085018157958984	0
CG30467	-1.9444880485534668	0.000009999999747378752
CG8187	-1.5324029922485352	0
eIF2B-gamma	-1.6212940216064453	0.0000019999999949504854
CG8195	-1.6617250442504883	0
CG42524	-3.758500099182129	0
CG30089	-2.575577974319458	0
Zasp52	4.4927167892456055	0
tun	-2.6505260467529297	0
Gpo-1	-2.0776119232177734	0
Mlf	-2.2316770553588867	0
ATPCL	-1.6379990577697754	0
CG8388	-1.700005054473877	0.021033000200986862
SP2353	-3.120042085647583	0
CG8405	-1.6946059465408325	0
Dg	-1.6345000267028809	0
CG8414	-1.6602089405059814	0.011087999679148197
Ric	-3.0044031143188477	0
Got1	3.328623056411743	0
Lis-1	-1.8555359840393066	0
shark	2.9650509357452393	0.030378000810742378
CG15706	2.771322011947632	0
CG15704	-2.519335985183716	0
JhI-26	4.554405212402344	0
Sema-2b	-3.0848309993743896	0
CG4409	5.506856918334961	0
Sema-2a	-2.6624679565429688	0
Syn2	-2.9834530353546143	0
Cdk4	4.732676029205322	0
CG5065	-2.4131929874420166	0
Alk	-2.6536240577697754	0
gprs	-2.1700780391693115	0
Picot	5.048799991607666	0
CG30463	-3.33965802192688	0
CG5210	3.010427951812744	0.016327999532222748
unc-104	-2.5153019428253174	0
CG42392	-3.85133695602417	0
CG5522	-1.7014349699020386	0
CG8910	-2.926271915435791	0
Pkc53E	-3.0206758975982666	0
Cbp53E	-2.2523438930511475	0
NiPp1	-1.7714929580688477	0
CG6805	1.5280150175094604	0
RhoGEF2	2.179218053817749	0
CG9646	-2.535979986190796	0
fat-spondin	4.405243873596191	0
tef	-3.352461099624634	0.03894999995827675
GstS1	4.102346897125244	0
CG15611	4.872501850128174	0
CG43107	3.4998409748077393	0
mbl	-2.3888559341430664	0
l(2)k01209	-1.6358120441436768	9.999999974752427e-7
CG18467	-3.207695960998535	0
NT5E-2	3.9343481063842773	0.00011800000356743112
CG43324	-2.8445849418640137	0
icln	-2.0354740619659424	0
CCHa1-R	-3.677155017852783	0.02787500061094761
CG30109	-1.6170439720153809	0
HPS4	-2.0842809677124023	0
rdgBbeta	-1.9408290386199951	0
Uhg1	-1.7030789852142334	0
Dhit	-3.815778970718384	0
olf186-M	3.821371078491211	0.0026179999113082886
Elk	-2.9551539421081543	0
dpr13	-3.8147170543670654	0
CG5098	-1.8249449729919434	0
stau	-1.5140349864959717	0
Dip3	-3.0125839710235596	0
CG5742	-1.5057209730148315	0
adp	-1.589624047279358	0
CG10915	-1.5399470329284668	0
GstE1	4.421842098236084	0
GstE2	4.600142955780029	0
GstE3	3.96868896484375	0
GstE6	3.895427942276001	0
GstE7	4.089395999908447	0
GstE8	3.7163209915161133	0.0015030000358819962
CG30118	-1.7692409753799438	0
CG30116	-3.3826820850372314	0
CG43066	-3.301853895187378	0
Rgk2	-2.6906239986419678	0
CG5335	2.63102388381958	0.04498299956321716
Hs3st-A	-3.534977912902832	0
List	6.8150200843811035	0
Cyp12b2	2.2183780670166016	0
Mctp	-2.175791025161743	0
CG15097	-2.3721189498901367	0
CG15098	2.830605983734131	0
Jheh1	4.267947196960449	0
Jheh2	4.313881874084473	0
Jheh3	4.614227771759033	0
sano	-2.331141948699951	0
5-HT1B	-2.5007998943328857	0
5-HT1A	-3.337106943130493	0
CG10737	-2.1500871181488037	0
Tab2	3.339184045791626	0.000015999999959603883
CG7461	2.0891730785369873	0
Rgk1	-2.473686933517456	0
CG11961	4.077621936798096	0.000011000000085914508
SdhA	-1.5673969984054565	0
CG11007	1.9298210144042969	0
sm	-2.867316961288452	0
CR44506	-3.1469779014587402	0.0006859999848529696
Toll-7	-2.6678531169891357	0
CR44628	-2.2622249126434326	0.02392899990081787
18w	2.287316083908081	0
CG11099	-3.12174391746521	0
CG11788	-2.200831890106201	0.000195999993593432
CG8920	-1.6417269706726074	0
CG12484	1.666232943534851	0
Fem-1	-1.72330904006958	0
dpr	-3.1367979049682617	0
sktl	4.222492218017578	0
otp	-2.564042091369629	0.032124001532793045
Rx	-2.836538076400757	0.008346999995410442
CG15651	-3.1556200981140137	0
shg	1.9489619731903076	9.999999974752427e-7
CG10527	2.6220779418945312	0
Treh	4.885368824005127	0
CG9394	4.099391937255859	0
CG4050	-1.6552610397338867	0
CG30389	-2.1719319820404053	0
Pu	-2.7624399662017822	0
Lapsyn	3.757796049118042	0
Glycogenin	3.705059051513672	0
CG44245	1.966802954673767	0
CG4302	4.218790054321289	0
Rgk3	-3.3047590255737305	0
Sgf29	-1.5110670328140259	0
CG9485	2.1364328861236572	0
Fkbp14	2.8211700916290283	0
CG10494	-1.6706340312957764	0
CG10440	-2.73758602142334	0
CG10433	5.2637248039245605	0
PTP-ER	-1.5935200452804565	0
CG10082	-1.8059920072555542	0
CG30285	4.649065017700195	0
CG10307	4.317776203155518	0
CngB	-2.9214279651641846	0
Tango11	-1.5437170267105103	0
Fili	-3.2897579669952393	0
Snp	-2.2459299564361572	0
Synj	-1.887186050415039	0
Vrp1	-1.6604809761047363	0
CG6758	-1.5344799757003784	0
CG11275	3.4537429809570312	0.00015300000086426735
Oatp58Dc	5.583675861358643	0
wdp	5.601493835449219	0
Gp150	3.030940055847168	0
wrapper	2.546402931213379	0.0064409999176859856
CG13506	-2.406538963317871	0
CG6044	-3.1591029167175293	0
ventrally-expressed-protein-D	-3.177772045135498	0
qkr58E-3	-1.6419270038604736	0
Mes4	-1.721295952796936	0
qkr58E-1	-1.7359579801559448	0
CG10384	-3.4382638931274414	0
CG4752	4.152606964111328	0.0127379996702075
px	-2.3424150943756104	0
CG33143	-3.9657559394836426	0
bonsai	-1.7088229656219482	0
CG3732	-1.6366649866104126	0
Ugt58Fa	4.62428617477417	0
CG2852	2.112713098526001	0
ppa	-1.7115349769592285	0
CG42260	-4.045411109924316	0
CG13532	-3.252311944961548	0
PIP5K59B	-2.8900439739227295	0
CG3700	2.4589788913726807	0
nahoda	4.286359786987305	0.023893000558018684
CG34371	-2.986406087875366	0
Rpi	1.843729019165039	0
CG3530	-1.8492430448532104	0
CG43795	-3.5243160724639893	0
CG30185	-1.6400799751281738	0
Dcp-1	-2.131822109222412	0
St3	-2.9467389583587646	0
Pal2	-2.38242506980896	0
CG4091	-1.8621549606323242	0
Sesn	2.6373660564422607	0
CG5549	-3.2411088943481445	0
gbb	3.5823121070861816	0
Thiolase	1.8606139421463013	0
ken	4.466723918914795	0
TM4SF	-3.3114700317382812	0
CG4882	-1.5467519760131836	0
kcc	-2.2660269737243652	0
Tal	3.4949350357055664	0
Galphas	-1.7798839807510376	0
CG16787	-1.8889169692993164	0
alpha-catenin-related	-2.545182943344116	0
Alas	-1.5448919534683228	0
Sox14	3.8025519847869873	0
Pask	-2.4379799365997314	0
CG11388	-1.9192789793014526	0
PebIII	2.5739378929138184	0.00012399999832268804
CG3163	-1.6969369649887085	0
CG30172	-3.261265993118286	0
Chi	-1.8691940307617188	0
gammaSnap1	-2.2961180210113525	0
sei	-2.764475107192993	0
eIF-5A	1.5901509523391724	0
CG3253	-2.893444061279297	0
CG3257	-3.1659719944000244	0
spag	-1.6856039762496948	0.0016959999920800328
CG3328	5.036181926727295	0
CG30419	-2.576399087905884	0
nord	-2.697587013244629	0
CG3376	2.956387996673584	0
nvy	-2.877732038497925	0
CG3394	2.4694199562072754	0.015037000179290771
mAChR-A	-3.4890830516815186	0
CG13579	-2.639353036880493	0.000009000000318337698
CG4612	-1.9425100088119507	0
Fcp1	-1.8474960327148438	0
CG3511	-1.954859972000122	0.000009000000318337698
CG3548	-1.9794739484786987	0
CG42361	-2.96555495262146	0
CG13594	-2.369671106338501	0
CG3663	3.4278500080108643	0.00848700013011694
Mmp1	4.86720609664917	0
ST6Gal	-2.3834190368652344	0.0000019999999949504854
Mid1	-3.6468560695648193	0
CG30421	1.947625994682312	0
GstE12	4.059331893920898	0
Eps-15	-1.9066050052642822	0
Dll	3.363403081893921	0
CG44247	-2.411715030670166	0
NaCP60E	-2.4405319690704346	0
RpL41	2.34584903717041	0
pain	4.357542037963867	0.0012519999872893095
Tina-1	-3.3343539237976074	0
CG12851	-2.7789289951324463	0
CG2765	1.6365809440612793	0
CG30424	-3.0016820430755615	0
uzip	2.9104080200195312	0
Nplp1	-2.1729300022125244	0
gol	-3.0528550148010254	0
lov	-2.0396289825439453	0.0035059999208897352
Kr	-3.233474016189575	0.009627999737858772
p130CAS	-2.6461141109466553	0
miple	-3.602924108505249	0
miple2	-2.344120979309082	9.999999974752427e-7
RhoGEF3	-2.9235339164733887	0
mth	4.080755233764648	0.01935099996626377
CG1231	-3.226547956466675	0
CG17180	-2.0821950435638428	0
CG13893	-2.4518349170684814	0
CR43334	4.232503890991211	0
CG3402	-1.735237956047058	0
Vti1	-1.8831759691238403	0
CG13894	-3.5451738834381104	0.0030819999519735575
CkIIalpha-i3	-1.5123449563980103	0.00032500000088475645
hng3	-2.428407907485962	0.0013909999979659915
dpr20	-2.819969892501831	0
CG12502	-3.126899003982544	0
CG13907	-1.8131940364837646	0
Glut1	-3.361004114151001	0
CG12038	-3.681734085083008	0
bab1	-2.3799688816070557	0
Aplip1	-3.5474419593811035	0
CG9119	-2.9620521068573	0
CG32333	-2.6898369789123535	0
CG9149	1.8135600090026855	0
CG2277	3.45351505279541	0
CG2469	-1.64969801902771	0
CG2211	-1.7648309469223022	0.00088900001719594
l(3)02640	-2.016124963760376	0
CG2199	-1.5160889625549316	0
312	-1.7849169969558716	0
rho	3.0311779975891113	0
CG12084	-1.6269210577011108	0
Cct2	4.268534183502197	0
CG12004	-1.7847609519958496	0
CG13917	-3.321225881576538	0
GC	-2.758599042892456	0
CG13928	-3.3373448848724365	0
nSyb	-3.664581060409546	0
Bgb	-2.1402859687805176	0
CG13920	-3.591032028198242	0
CG7971	-2.257117986679077	0
CG7991	-3.2218499183654785	0
CG13921	-2.7242980003356934	0
CG12025	-1.766273021697998	0
CG13937	-1.714771032333374	0
Mfap1	-1.6054420471191406	0
zormin	4.696282863616943	0
CG9018	-1.6560920476913452	0
CG1275	-2.023380994796753	0
MsR1	-2.826119899749756	0.0008619999862276018
CG1146	5.047461032867432	0
Spn	-1.6073299646377563	0
Pxn	-2.694343090057373	0
Fife	-3.2544350624084473	0
CG9977	-1.6697670221328735	0
CG43444	-1.5906360149383545	0
Shab	-3.737971067428589	0
FMRFaR	-3.2040300369262695	0
CG1271	1.9981130361557007	0.000018000000636675395
CG11486	-2.1064529418945312	0
CG12014	3.4951579570770264	0
CycJ	-6.342336177825928	0.010700000450015068
CG14971	-1.5188239812850952	0
CG42324	-2.781383991241455	0
CG32264	-1.9923219680786133	0
CG32262	-1.8084189891815186	0.004916000179946423
enc	-2.921096086502075	0
Rdh	-4.36846923828125	0
mge	-1.5952179431915283	0
Eip63F-1	-2.589063882827759	0
CG10863	3.4749200344085693	0
CG14982	-3.6822879314422607	0
CG12605	-3.4519660472869873	0
scrt	-3.794179916381836	0
CG11593	-1.70865797996521	0
wit	-1.6091539859771729	0
Chd64	2.0970869064331055	0
Rop	-1.5985850095748901	0
Ras64B	-1.699910044670105	0
Teh4	-2.4353959560394287	0.000014000000192027073
Teh2	-4.006373882293701	0
VhaM9.7-c	3.030985116958618	0
tipE	-2.6926488876342773	0
ImpL2	3.3150999546051025	0
VhaM9.7-a	-3.318859100341797	0
mRpS6	-1.5711599588394165	0
DopEcR	-3.658392906188965	0
nAChRbeta1	-4.045364856719971	0
CG11357	-3.0452098846435547	0
CG42540	-3.58351993560791	0
Src64B	-2.8331658840179443	0
Rpd3	-1.5211759805679321	0
axo	6.180225849151611	0
CG13716	6.540757179260254	0.0027749999426305294
CG7509	4.466182231903076	0
CG13707	3.9526898860931396	0
Rh50	5.198825836181641	0
Con	-3.0741970539093018	0
CG4611	-3.1551690101623535	0.03216699883341789
shep	-1.7849420309066772	0
Klp64D	-1.7966419458389282	0
CG10635	-1.6096049547195435	0
CG34391	-3.8661139011383057	0
Msr-110	5.34635591506958	0
sif	-3.5470199584960938	0
CG5537	-1.6470329761505127	0
CG10483	-2.848314046859741	0
CG32407	3.3449199199676514	0
Rcc1	-2.2805581092834473	0
PVRAP	-2.596247911453247	0
ssp6	-3.0363199710845947	0
CG13293	-3.3899660110473633	0
Ets65A	-2.6538960933685303	0.000022000000171829015
D19B	-1.744420051574707	0
CG13300	-2.907835006713867	0
CG42747	-2.594161033630371	0.00966500025242567
CG10147	-2.172394037246704	0.01118599995970726
sfl	-1.6010169982910156	0
CG8398	-3.257016897201538	0
GluRIA	-3.204308032989502	0
CG32392	-2.714198112487793	0.003924000076949596
vvl	2.445780038833618	0
sgl	2.6626739501953125	0
Galphai	4.44142484664917	0
Mp	-3.6584529876708984	0
CG8641	-1.9343459606170654	0
form3	-2.492400884628296	9.999999974752427e-7
Dbi	4.424652099609375	0
Dscam2	-4.203470230102539	0
Neos	-1.5432460308074951	0.000003000000106112566
mRpL50	-1.6832369565963745	0
unc-13-4A	-3.234937906265259	0
eco	2.7888920307159424	0.014901000075042248
qm	-2.0993480682373047	0
CTCF	-1.5126739740371704	0.0006300000241026282
pst	3.8598580360412598	0
CG42458	-3.2653019428253174	9.999999974752427e-7
Rac2	4.7578558921813965	0
ltl	4.010828971862793	0.0003220000071451068
CG7492	-2.202481985092163	0
Ank2	-3.2498838901519775	0
CG12262	1.9421429634094238	0
CG13685	-3.1381239891052246	0
Clk	4.849074840545654	0
pbl	4.77942419052124	0
CG32368	2.8510758876800537	0
nmo	-2.7451729774475098	0
Ect4	3.730602979660034	0
CG7565	-2.570543050765991	0
CdsA	-1.7513920068740845	0
CG42445	3.6339070796966553	0.000003000000106112566
Dscam4	-3.137321949005127	0
Idh	2.6296679973602295	0
ImpE1	4.880568027496338	0
CG7120	-3.500044107437134	0
CG6765	-3.305367946624756	0
foi	-1.5903619527816772	0
Nelf-E	-2.2093698978424072	0
CG6282	-2.8316140174865723	0
h	3.0280909538269043	0.01155799999833107
CG32022	-1.6432019472122192	0
Fhos	3.446898937225342	0
dally	4.230330944061279	0
CG32026	4.151092052459717	0.016174999997019768
orb2	-2.4818999767303467	0
CG5644	-2.491204023361206	9.999999974752427e-7
Galk	2.1778650283813477	0
Tequila	5.0568108558654785	0
CG32032	4.554986000061035	0
bol	-3.020876884460449	0
Dhpr	-1.6671600341796875	0
nwk	-3.0275890827178955	0
Rdl	-4.152361869812012	0
GluRIB	-3.924690008163452	0
PGRP-LA	3.939215898513794	0
PGRP-LC	4.4900641441345215	0
Hsp67Bc	-2.6177780628204346	0
Hsp26	-2.8697869777679443	9.999999974752427e-7
Hsp67Ba	-2.7931089401245117	0
Hsp23	-1.9022899866104126	0
Hsp27	-2.6535658836364746	0.01006999984383583
CG4022	-1.589967966079712	0
CG3967	-2.197978973388672	0
aay	4.3146162033081055	0
path	-1.5735729932785034	0
CG33696	-3.004997968673706	0
CG16711	-1.800819993019104	0
CG42268	-3.1217639446258545	0
CG8177	-2.634629964828491	0
CG32052	-2.4465959072113037	0
CG10809	-1.537621021270752	0
CG8108	-1.56256902217865	0
CalpB	2.661250114440918	0
CG34356	-2.8035941123962402	0
dpr6	-4.419775009155273	0
dpr10	-3.1468679904937744	0
CR44327	-3.713855028152466	0
Gem3	-1.684913992881775	0.027652999386191368
CG14153	5.171298980712891	0
CG32068	2.2561779022216797	0
CG6418	-1.648803949356079	0
CG43693	3.73917293548584	0
CG7888	6.148250102996826	0
Mocs1	1.970744013786316	0.0035310001112520695
pncr011:3L	-2.546679973602295	0
CG6272	-2.077065944671631	9.999999974752427e-7
CG42575	-2.940049886703491	0
GlcAT-P	3.45375394821167	0
Plod	1.8980549573898315	0
CG7607	3.4226200580596924	0
CG14141	4.746493816375732	0
CR44716	-2.9692609310150146	0.0038399999029934406
CG6175	4.151904106140137	0
Fuca	3.5800600051879883	0
rt	-3.6603798866271973	0.02528899908065796
CG7368	-3.2312541007995605	0
CG6084	1.5643750429153442	0
CG6083	-2.955935001373291	0
CG32091	2.4124419689178467	0.03251799941062927
CG32085	-3.392350912094116	0
CG11658	-1.6247719526290894	0
CG6024	-3.1017770767211914	0
Klp68D	-2.047574043273926	0
CG10361	4.0446648597717285	0
CG11597	-5.064946174621582	0.04100799933075905
CG44837	-3.4490420818328857	0
viaf	-1.8684500455856323	0
Grip163	-1.6031899452209473	0
rols	4.9826178550720215	0
ssp	-1.637956976890564	9.999999974752427e-7
CG9760	-4.267079830169678	0.004985000006854534
Rh7	-3.1662559509277344	0.00023999999393709004
CG32100	-2.00913405418396	0.0000019999999949504854
CG4300	-2.587820053100586	0
CG10426	-2.3322970867156982	0
CG4328	-2.5312819480895996	0.0037189999129623175
CG32105	-3.200244903564453	0.003092000028118491
Ncc69	5.521520137786865	0
CG32103	1.5586700439453125	0
CG10660	5.065485000610352	0
CG4069	-1.6269370317459106	0.009746000170707703
ara	-2.4879400730133057	0.03692400082945824
caup	-3.3100779056549072	0.002122000092640519
mirr	-3.150942087173462	0.000006000000212225132
CG32109	-1.6142070293426514	0
CG10984	-1.5239859819412231	0
Atg1	-2.350339889526367	0
CG42709	3.015491008758545	0
CG10960	2.478454113006592	0
Ent3	-3.1076669692993164	0
CG32115	5.275815963745117	0.016905000433325768
CG14117	3.7218151092529297	0.02271600067615509
trn	-2.9360439777374268	0
CG10713	-2.6504690647125244	0
CG10732	-1.541327953338623	0.002297000028192997
CG10089	-2.8910019397735596	0
stv	-3.3798038959503174	0
bru-3	-3.2927279472351074	0
CG8745	3.5174400806427	0
dysc	-3.8948020935058594	0
CG32137	-2.7143890857696533	0.000007000000096013537
CG17364	-2.831355094909668	0
26-29-p	1.5314340591430664	0
CG8783	-1.6801600456237793	0
blue	-1.5343719720840454	9.999999974752427e-7
Sox21b	-2.392864942550659	0.00018600000475998968
D	-3.395526885986328	0.000007999999979801942
nuf	3.3073699474334717	0
fz	-2.5031659603118896	0
CG9238	3.792901039123535	0.0404449999332428
dlp	-1.8219859600067139	0.0006830000202171504
CG17839	-2.466146945953369	0
mnd	3.838737964630127	0
Zip71B	5.52923583984375	0
mRpL39	-1.5212030410766602	0
Sytbeta	-2.6292459964752197	0
CTPsyn	-2.1633219718933105	0
CG45071	-2.7918179035186768	0.0008820000221021473
FucTA	-2.6084980964660645	0
Tollo	4.510211944580078	0
Toll-6	-3.52339506149292	0
CG12355	2.603740930557251	0
CG7272	1.679980993270874	0
Eip71CD	2.2569520473480225	0
CrebA	2.6571218967437744	0
CG16979	-1.5742310285568237	0.00009500000305706635
mrn	-1.5556550025939941	0.011295000091195107
CG7372	4.632008075714111	0.0006200000061653554
comm	-2.936466932296753	0
fwe	-1.8772900104522705	0
dbo	-1.6321220397949219	0
pHCl	-3.7648138999938965	0
sff	-2.925144910812378	0
Pka-C3	-2.6386759281158447	0
elgi	-1.8024300336837769	0
CG17026	2.147707939147949	0
CG17029	1.5485539436340332	0
Hip14	-1.724848985671997	0
CG5895	5.302896022796631	0
Zn72D	-1.5025429725646973	0
Pgm	1.6865750551223755	0
CG5027	-1.5997140407562256	0
CG13055	-2.7706799507141113	0.01354300044476986
CG45057	-2.948317050933838	0
roq	-1.5485470294952393	0
fax	-3.0498900413513184	0
CG43373	-2.104891061782837	0.000004999999873689376
Su(P)	-1.5268850326538086	0
Lasp	2.8736701011657715	0
Nrt	-2.0132899284362793	0
CG13025	-2.2045960426330566	0.0038980001118034124
rogdi	-2.021998882293701	0
noe	-1.827707052230835	0
CG32176	-1.6912009716033936	0
CG18265	-2.7277560234069824	0
Oatp74D	3.3317599296569824	0
U4-U6-60K	-2.21835994720459	0
CG7564	-1.552543044090271	0
Krn	2.8813819885253906	0
Ccn	-3.043328046798706	0
CG5589	-1.6696950197219849	0.01357599999755621
CG32187	-2.008862018585205	0
CR45175	2.4047799110412598	0.007482000160962343
Prestin	-1.592339038848877	0.004083999898284674
CG7341	4.595874786376953	0
CG32195	4.374059200286865	0
W	-2.8831379413604736	0.032336000353097916
grim	-3.3300399780273438	0.026352999731898308
rpr	-2.826214075088501	0.002397000091150403
skl	-3.4490280151367188	0.000003000000106112566
AstC-R2	-3.0407509803771973	0
AstC-R1	-3.1006579399108887	0.0042119999416172504
not	-2.4440200328826904	0
GNBP1	3.707106113433838	0.006415999960154295
CG32202	-1.6475859880447388	0
CG3961	-2.7914950847625732	0
CG3902	4.077794075012207	0
CG32204	-3.328089952468872	0
CG14082	-2.8786330223083496	0
mRpL21	-1.8950250148773193	0
CG32206	-3.0640358924865723	0
CR32207	3.654083013534546	0.0029879999347031116
pncr009:3L	3.427222967147827	0
CG9279	-2.5937139987945557	0
Shal	-2.847196102142334	0
CG9368	-2.8729770183563232	0
Cyp305a1	4.147432804107666	0.007077000103890896
Deaf1	-2.523360013961792	0
Papss	-1.829630970954895	0
CG8334	-2.26342511177063	0.000018999999156221747
CR32218	2.2559680938720703	0
Prp3	-1.8705739974975586	0
RhoGDI	-2.098436117172241	0
Ac76E	2.171720027923584	0
Csas	4.64001989364624	0
CR45161	6.590668201446533	0
CG7646	-3.195374011993408	0
Nca	-2.214463949203491	0
sNPF-R	-2.5572710037231445	0
CG14186	-2.902661085128784	0
CG7328	4.27618408203125	0.000035000000934815034
Ssk	4.37778377532959	0
Su(var)3-3	-1.523926019668579	0
rdgC	-2.6178860664367676	0
gogo	-2.419408082962036	0
Pex23	-1.8807920217514038	0
CG32225	-2.86061692237854	0
alphaSnap	-2.282075881958008	0
kin17	-1.5358120203018188	9.999999974752427e-7
trbl	4.825137138366699	0.000025999999706982635
CG13248	-2.4293580055236816	0
CG5282	-3.211956024169922	0
CG42764	3.2249720096588135	0.00007999999797903001
CG5955	4.191825866699219	0
CG32425	-2.2641379833221436	0
CG5104	4.062929153442383	0
cmpy	-3.574953079223633	0
CG13252	2.27211594581604	0.0032240001019090414
Pitslre	-1.5817259550094604	0
CG3618	-2.3598060607910156	0
CG13255	3.3698620796203613	0
CG32432	-3.23036789894104	0
fng	5.073115825653076	0
CG10585	-1.730873942375183	0
ko	-3.191335916519165	0.0037789999041706324
CG10566	-2.5812621116638184	0
Ac78C	-3.42409610748291	0
CG42337	-3.4516899585723877	0
CG10512	2.0696680545806885	0
CG12975	-2.2560300827026367	0
Eip78C	-3.2247629165649414	0
AcCoAS	-2.16575288772583	0
Pc	-2.4592480659484863	0
Rab26	-3.7256360054016113	0
barc	-1.963142991065979	0
Aef1	-1.9198659658432007	0
Est-Q	4.097169876098633	0.0020699999295175076
TfAP-2	-2.5129549503326416	0.000004999999873689376
CG7166	-2.9411349296569824	0
CG11248	-1.8656140565872192	0
Syn1	-3.054550886154175	0
CG7407	-1.9085839986801147	0
mub	-1.9305649995803833	0
CG7442	5.3775739669799805	0
Oct-TyrR	-2.713897943496704	0
olf413	-2.7537620067596436	0
Ten-m	-1.8110970258712769	0
CG11426	3.959165096282959	0
CG14459	-3.7388460636138916	0
CG14450	-2.0071558952331543	0
SPoCk	-1.531885027885437	0
jim	-2.326575994491577	0
CR43426	-3.2327029705047607	0.038784001022577286
CG12768	2.928605079650879	0
Mes2	4.1138739585876465	0
CR45758	-4.364418029785156	0
nrm	-2.7899789810180664	0
nAChRalpha4	-3.3422110080718994	0
Snap25	-3.4394989013671875	0
scro	-1.7227890491485596	0.000009999999747378752
MED21	-1.6421879529953003	0
CG41343	-4.601168155670166	0
CG40178	-1.9510289430618286	0
CG40160	2.534291982650757	0.038548000156879425
CG42621	-4.252758026123047	0.0036750000435858965
CG15831	-3.8453149795532227	0
CG40155	-3.3679349422454834	0
CG41518	-2.288093090057373	0.03654399886727333
CG42623	-2.4510018825531006	0.0006009999779053032
CG42402	-3.303514003753662	0
CG12582	3.9363698959350586	0
Gel	3.6812660694122314	0
TwdlG	-3.0366721153259277	0
CG9766	-4.684845924377441	0.0003060000017285347
cpx	-3.2015020847320557	0
MP1	-2.592824935913086	0.00014000000373926014
Syt14	-2.5838539600372314	0
CG1090	-3.3046939373016357	0
CR44922	-2.7328460216522217	0
CG11739	-2.662036895751953	0
CG32944	-3.855720043182373	0
srl	-1.928773045539856	0.021626999601721764
CG34357	-2.918220043182373	0
CR44317	-3.2801480293273926	0.000039999998989515007
5-HT2A	-3.6181321144104004	0
tacc	-2.1440279483795166	0
atms	-1.5825270414352417	0
CG44098	-2.7360661029815674	0
Cdep	-1.8908859491348267	0
dpr16	-2.5208380222320557	0
7B2	-3.167464017868042	0
CG14669	-2.918966054916382	0
Nmdar1	-2.4939839839935303	0
Itp-r83A	-1.6869349479675293	0
CR43845	-3.596579074859619	0.00023099999816622585
CRMP	-1.7060389518737793	0
rev7	-2.0448520183563232	0.000014999999621068127
CG31549	2.1202480792999268	0
CG12171	2.291409969329834	0
CG31548	3.6700079441070557	0
plx	-2.5364060401916504	0
CG2091	-2.108086109161377	0
CG2082	-2.6480789184570312	0
kat-60L1	-2.1837639808654785	0
CG11000	-3.4190878868103027	0
CG1213	5.6292219161987305	0
CG2017	-2.3641440868377686	0
CG34113	-3.603563070297241	0
NPFR	-3.366079092025757	0.0005499999970197678
dpr11	-3.465329885482788	0
CG1943	-2.7307679653167725	0
CR43685	-2.19108510017395	0
CG10098	-1.9951820373535156	0
CR42875	2.229154109954834	0.0039980001747608185
CG31248	4.334070205688477	0
Fer1	-2.011691093444824	0.000014000000192027073
lap	-1.8108570575714111	0
CG10053	-1.5818599462509155	0.007468999829143286
Syt4	-2.924870014190674	0
rn	-2.4026479721069336	0
alpha-Est8	3.900017023086548	0
CG34127	-4.082765102386475	0
CG2993	-3.227660894393921	0
CG34384	-2.7961928844451904	0
CG17816	-3.3137478828430176	0
wtrw	6.54468297958374	0
Prat	4.028642177581787	0.029712000861763954
dsx	3.5202651023864746	0
CG2767	1.896232008934021	0.000019999999494757503
CG11052	-3.6055939197540283	0.022266000509262085
mAChR-B	-2.7589778900146484	0
grn	-2.333138942718506	0.008391999639570713
CG7800	4.220603942871094	0.00007500000356230885
CG9636	-1.6599119901657104	0
mRpL1	-2.1751139163970947	0
Ctr1B	4.7434282302856445	0
CG9601	-1.7139869928359985	0
CG45263	-3.5930368900299072	0
pch2	-1.746824026107788	0.000097999996796716
mRpS18A	-1.8721519708633423	0
5-HT2B	-3.427216053009033	0
Mkk4	-1.6588139533996582	0
CG42489	3.4315319061279297	0
p	-1.5537879467010498	0
CG8032	-2.0385138988494873	0
CG8036	3.193922996520996	0
hb	-3.493453025817871	0.03096099942922592
CG8112	5.631519794464111	0
CG8116	-1.6873120069503784	0
CG11768	-3.526871919631958	0
Pif1A	2.6783010959625244	0
CG9837	-2.212214946746826	0.00034500000765547156
CG8369	5.264585018157959	0
CG11964	-1.5745190382003784	0.000014000000192027073
CAHbeta	-2.9556760787963867	0.013740000315010548
E(var)3-9	-1.6145780086517334	0.000007000000096013537
CG31100	5.610194206237793	0
Nmdmc	2.0215020179748535	0.001686000032350421
D1	-1.6329419612884521	0
CG8861	-2.551517963409424	0
CG18473	3.463628053665161	0.04130300134420395
Task7	-3.607012987136841	0
GstZ1	3.742244005203247	0.004610000178217888
GstZ2	-3.6979379653930664	0
CG16779	-3.752161979675293	0
Ras85D	-1.7187570333480835	0
by	3.6574299335479736	0
mura	-2.048585891723633	0
RnpS1	-2.0664589405059814	0
CG8301	-2.9131250381469727	0
CG8312	5.161754131317139	0
SpdS	-1.7679940462112427	0
Scm	-1.5851709842681885	0
Dh44	-1.6153349876403809	0.0002629999944474548
Unc-115a	-1.659132957458496	0
FoxP	-3.120742082595825	0
CG12950	-3.019131898880005	0
Pnn	-2.0395820140838623	0
CG9471	3.108922004699707	0
Whamy	4.353127956390381	0.041106000542640686
MtnA	4.098384857177734	0
CG8500	-3.1991560459136963	0
CG9467	3.2842180728912354	0
Teh1	-3.2695119380950928	0
Art4	-2.0123379230499268	0.02960599958896637
CG5359	-1.6689399480819702	0.010658999904990196
CG12811	3.9924070835113525	0
CG3940	5.57374906539917	0
gammaSnap2	-2.907707929611206	0
Invadolysin	4.482654094696045	0
Syn	-3.168260097503662	0
Timp	5.035580158233643	0
CG12817	-2.8486719131469727	0
CG42795	-3.2344911098480225	0
CG43143	-2.0147221088409424	0
CG12818	-1.5814319849014282	0.0009759999811649323
CG6325	-1.5068199634552002	0.0002690000110305846
Cyp12e1	4.3261637687683105	0
hth	1.7431509494781494	0
CR44018	-3.04026198387146	0
CG6465	3.271225929260254	0
CG14688	4.0074782371521	0
CR44230	5.515779972076416	0
TkR86C	-4.171067237854004	0.000022000000171829015
CG4089	-2.1288199424743652	0.003984999842941761
Fdh	1.857138991355896	0
CG4596	-3.110513925552368	0
Sodh-2	3.362941026687622	0
CG34114	-3.4980111122131348	0
Ugt86Dd	4.620716094970703	0
Ugt86Di	5.883440017700195	0
Ugt86De	6.0396881103515625	0
Ugt35b	6.196108818054199	0
Ugt35a	3.8388071060180664	0.024442000314593315
Tctp	1.792768955230713	0
CG31388	-1.5544739961624146	0
CR43283	-2.1025919914245605	0
pros	-2.285130023956299	0
CG6723	5.038723945617676	0
CG45676	4.5995402336120605	0
ninaG	4.853603839874268	0.0016570000443607569
CG5281	-3.199923038482666	0
CG17230	-1.9975520372390747	0
dpr5	-3.2633869647979736	0
dpr4	-3.384089946746826	0
fabp	2.3766260147094727	0
Mrp4	3.718372106552124	0.003986000083386898
Jupiter	-3.223797082901001	0
CR44137	4.725460052490234	0
CG42327	2.9414141178131104	0
Taf12	-1.512794017791748	0
CG6834	3.887878894805908	0
CG6908	4.897647857666016	0
CG12594	-2.8148889541625977	0
CG14721	-1.8614200353622437	0
l(3)neo38	-2.1032180786132812	0
ClC-a	6.177577018737793	0
CG6959	-1.5768660306930542	0
Cad87A	-1.924496054649353	0
mfas	5.15556001663208	0
Ect3	3.644118070602417	0.000006000000212225132
Spt3	-1.997454047203064	0
CG14741	-3.0250039100646973	0
dpr17	-2.6853699684143066	0
dpr15	-2.307873010635376	0
svp	-2.737190008163452	0.00710699986666441
GstD9	4.681410789489746	0
GstD1	3.7471580505371094	0
GstD3	2.0488760471343994	0
GstD11	-2.3119680881500244	0.018884999677538872
Cyp9f2	4.270569801330566	0
CG5167	3.860481023788452	0
Scgbeta	-3.1150660514831543	0
CG17202	-1.954704999923706	0
Sas	4.637814998626709	0
trus	-2.6041738986968994	0
Hsp70Bc	-3.074542999267578	0.0008870000019669533
Octbeta3R	-3.4036829471588135	0
Past1	1.5790389776229858	0
beat-Vc	-2.9389359951019287	0
CG31345	-1.8883240222930908	0
beat-Va	-3.0810599327087402	0
CG10126	3.37076997756958	0
beat-Vb	-2.5779659748077393	0
CG7381	-2.4884419441223145	0.000004999999873689376
CG11668	4.363316059112549	0.0001849999971454963
CG7966	4.133366107940674	0
2mit	-2.8799030780792236	0
Ace	-1.6183710098266602	0
CG11686	4.294291019439697	0
CG32473	3.4618239402770996	0
CG9813	-2.840704917907715	0
CG9796	2.114453077316284	0.0003100000030826777
CR45679	4.19199800491333	0.04390899837017059
CR17025	6.954765796661377	0
Task6	-3.5422840118408203	0
ninaB	5.273330211639404	0
Adgf-D	3.2950210571289062	0
Adgf-C	2.082731008529663	0.03095100075006485
CR43641	3.9406840801239014	0
foxo	3.3297739028930664	0
Npc2b	3.5642099380493164	9.999999974752427e-7
CG12402	-3.0516839027404785	0
Dop1R1	2.2439370155334473	0
Afti	-1.8355859518051147	0
mRpL11	-1.5985080003738403	0
Pde6	-3.1753880977630615	0
Cys	1.9664000272750854	0
stumps	4.669750213623047	0
CG14853	-2.8729820251464844	0
kibra	4.418478965759277	0
CG7530	4.490190029144287	0
btsz	-1.9101639986038208	0
CG33331	-2.477858066558838	0.0049680001102387905
CG7265	-1.648980975151062	0.006564999930560589
VhaPPA1-1	-1.5140810012817383	0
dpr9	-3.2300920486450195	0
Gyc88E	-2.7481839656829834	9.999999974752427e-7
Spn88Ea	4.094318866729736	0
CG12241	-1.6811859607696533	0.00006299999949987978
CG31344	1.8914940357208252	0
Caf1	-1.9223660230636597	0
mRpS10	-1.7667579650878906	0
CG42404	-2.638216018676758	0
CG14864	-2.836038112640381	0.013054000213742256
ear	-1.8208210468292236	0
CG6218	3.5492610931396484	0
Aats-ser	-1.7642719745635986	0.00029399999766610563
CG34404	-2.7486069202423096	0
CG14868	-2.9719130992889404	0
CG6136	-2.4458720684051514	9.999999974752427e-7
Rbp	-3.532576084136963	0
CG6125	4.531434059143066	0.001728000002913177
pxb	-3.000351905822754	0
CG5404	5.7393388748168945	0
CG31183	-2.248929023742676	0.008855000138282776
CG3303	4.352734088897705	0
Sap47	-2.2182929515838623	0
msps	-1.5636359453201294	0
Mhcl	-1.6177300214767456	0
CG5916	-1.925163984298706	0
sra	-1.5225269794464111	0
tara	-1.6960489749908447	0
pad	-2.226155996322632	0.027401000261306763
CG10311	5.0315728187561035	0
CG17565	-2.014336109161377	0
CG14883	-1.5117889642715454	0
Gyc-89Db	-2.561028003692627	0.029952000826597214
Dhfr	3.705235004425049	0
CG42342	1.6973240375518799	0
CG14903	-1.5217000246047974	0
Scp2	-1.7268450260162354	0
CG10340	-1.7036420106887817	0
nonA-l	-2.066390037536621	0
CG10326	-1.7778140306472778	0
CG18622	3.634934902191162	0
Irc	4.402243137359619	0
CG3995	-1.6389180421829224	0.0014850000152364373
Dad	-2.053088903427124	0
cal1	-1.5536229610443115	0
cher	2.6552159786224365	0.000455000001238659
beat-IIb	-3.092745065689087	0
beat-IIa	-2.9593050479888916	0
lute	-1.8119549751281738	0
Dscam3	-2.911875009536743	0
CR45223	-3.362761974334717	0.001896000001579523
CG31249	-1.6083869934082031	0
Lgr1	-2.8418800830841064	0.019652999937534332
CG14321	-3.5190579891204834	0
TyrR	-2.8938820362091064	0
CG43102	-2.7096669673919678	0
CG17803	-2.9495980739593506	0.00039599998854100704
tinc	-3.0410261154174805	0
Rim	-4.230250835418701	0
cpo	-3.456278085708618	0
DNaseII	5.217413902282715	0
CG7785	-1.9195170402526855	0
htl	3.9845409393310547	0
cdm	-1.8517420291900635	0
Ssdp	-1.7382440567016602	0
CG7985	-2.810955047607422	0
CG14314	-3.971268892288208	0.00041199999395757914
repo	4.761744022369385	0
CG14312	-3.1212990283966064	0
l(3)05822	1.754837989807129	0
PKD	-2.6458659172058105	0
CG31235	2.484049081802368	0
CG15803	-3.939379930496216	0
fray	1.585813045501709	0
CG7708	-2.8693630695343018	0
VAChT	-2.949428081512451	0
Cha	-2.621351957321167	0
CG7718	-1.8055499792099	0.0005310000269673765
CG18208	-2.978898048400879	0
EndoA	-2.4820690155029297	0
CG14291	4.939915180206299	0
CG42613	4.112666130065918	0
CG12269	4.211065769195557	0
dnk	-1.5876100063323975	0.000029000000722589903
gukh	-1.7378699779510498	0.00017100000695791095
P5cr	-1.5001070499420166	0
CG6040	5.872834205627441	0
Cyp12a4	3.4413158893585205	0
Ppcs	-1.716958999633789	0
CG5835	4.739258766174316	0
CR44107	4.126476764678955	0
CG5555	-1.5279760360717773	0
CG31475	-2.91753888130188	0
cry	3.3694839477539062	0
vib	-1.8493280410766602	0
unc79	-2.724829912185669	0
CG31221	-2.676219940185547	0
Dys	-2.776803970336914	0
CG6231	-2.5567009449005127	0.016905000433325768
CG6184	-2.7044920921325684	0
GluClalpha	-3.667404890060425	0
CG11407	4.630753040313721	0
CG4562	-2.940906047821045	0
Arc42	2.501365900039673	0
CG17193	-2.058687925338745	0.000003999999989900971
Nlg4	-3.5456669330596924	0
CG4360	-1.5371270179748535	0
Gfrl	-3.5898170471191406	0
att-ORFA	1.521304965019226	0.0004220000118948519
CG5191	-1.9067779779434204	0
CG5412	-2.028657913208008	0
CG5466	-2.5420479774475098	0
Nep4	4.914313793182373	0
Oamb	-2.8446109294891357	0
cdc2c	-2.6291260719299316	0.006138999946415424
CG42322	-3.1128640174865723	0
CG17270	-2.1598010063171387	0
CG3822	-3.0204830169677734	0
TotA	-3.3629701137542725	9.999999974752427e-7
CG10830	-2.9404098987579346	0
CG31191	-2.562066078186035	0
hdly	3.2139389514923096	0.023072000592947006
Calx	-3.1659910678863525	0
Rlip	-2.2133610248565674	0
AnxB9	3.5594899654388428	0
RhoGAP93B	-2.7175259590148926	0
CG5793	3.2379310131073	0
SIFaR	-2.6701369285583496	0.008849999867379665
CG16791	-2.27484393119812	0
InR	1.8209619522094727	0
CR43653	4.06942892074585	0.005652999971061945
GABA-B-R2	-2.950205087661743	0
CASK	-2.8721940517425537	0
dnd	4.254366874694824	0
CG6028	1.6423759460449219	0
CG13409	-2.677380084991455	0
how	4.176087856292725	0
CG13408	-2.7285640239715576	0
CG42390	4.669102191925049	0
CG7084	5.835965156555176	0
CG5380	-1.5558710098266602	0.000881000014487654
CG5379	-3.248310089111328	0
CG7059	-3.1905369758605957	0
CG7054	3.347399950027466	0.004652000032365322
Nrx-1	-3.531214952468872	0
Octbeta1R	-2.8090860843658447	0
CG33107	-1.677319049835205	0
loco	3.2164950370788574	0.000007000000096013537
Irp-1A	-1.5144890546798706	0
CG45049	-1.8324869871139526	0
CG7029	1.9396589994430542	0
CR43654	3.535161018371582	0.041836999356746674
klg	-3.7100279331207275	0
CG13830	-3.032435894012451	0
CG31457	-1.533761978149414	0.020357999950647354
unk	-1.504794955253601	0
CG4467	-3.3720738887786865	0
CG4449	-2.3780860900878906	0
wda	-2.323045015335083	0.010378999635577202
orb	-2.144685983657837	0
pnt	4.016491889953613	0
Irk2	4.807735919952393	0
beat-IV	-3.0787250995635986	0
CG13822	2.4169440269470215	0
CG10157	3.7839229106903076	0
prt	-2.384026050567627	0
CG10365	3.933422088623047	0
CG10375	-1.5324749946594238	0
CG10208	3.8373539447784424	0
mbc	1.5225839614868164	0
CG34355	-3.512545108795166	0
sba	-1.7345900535583496	0
Gdh	-2.727293014526367	0
AP-1sigma	-1.5299880504608154	0
CG31140	-3.003053903579712	0
CR31451	-3.6844980716705322	0
spas	-1.6462639570236206	0
4EHP	-1.7973229885101318	0
CG18428	-1.5960190296173096	0
p38a	3.304574966430664	0.0069519998505711555
Myo95E	-1.7756919860839844	0
mRpS24	-1.6840059757232666	0
jar	2.3471200466156006	0
Orct	5.424945831298828	0
CG6356	5.598971843719482	0
crb	-2.643578052520752	0.0009970000246539712
Nab2	-1.6285879611968994	0
CG5746	-1.745705008506775	0
CG6454	-1.5311839580535889	0
nAChRalpha1	-3.239046096801758	0
nAChRalpha2	-2.7057619094848633	0
nAChRbeta2	-2.9792768955230713	0
Esyt2	1.908735990524292	0
Wsck	3.5846810340881348	0.00005999999848427251
CG43222	-2.8246400356292725	0
CG31125	-2.907094955444336	0.000060999998822808266
CG31126	-1.6762559413909912	0
slo	-4.034292221069336	0
tok	-2.768657922744751	0
CG13631	4.389678001403809	0
RabX4	-2.83127498626709	0
Ela	4.581989765167236	0
CG3744	-1.6622010469436646	0
CG11089	2.2442378997802734	0.0038660001009702682
Nmnat	-1.8979239463806152	0
tnc	-3.042288064956665	0.0000019999999949504854
5PtaseI	-1.598660945892334	0
CG11790	2.2571449279785156	0
CG11791	4.040702819824219	0
CG31109	-1.7546019554138184	0
CG31111	-1.5934779644012451	0.011451000347733498
veli	-1.8141649961471558	0
PQBP1	-1.8341619968414307	0.00019200000679120421
CG13650	-2.820574998855591	0
CG31108	-1.8786410093307495	0
CG31510	-1.8527990579605103	0
Bili	-3.133795976638794	0
danr	-2.0151588916778564	0.000004999999873689376
dan	-2.0050160884857178	0.0023719999007880688
CG13654	-3.137312889099121	0
CG10420	-1.5712159872055054	0
CR45214	5.177892208099365	0
CG10513	4.567166805267334	0
CG10514	4.6971540451049805	0
CG11892	4.403408050537109	0
CG31300	5.075222015380859	0
CG10550	2.5238280296325684	0
CG10562	3.9378020763397217	0.0006050000083632767
CHKov1	3.903193950653076	0
CHKov2	3.1672520637512207	0.03803800046443939
msi	-1.9049839973449707	0
CG5079	-3.5153770446777344	0
CG5071	-3.0177459716796875	0.010614999569952488
Ssadh	2.0808420181274414	0
Tnks	-1.7763149738311768	0
RASSF8	-1.7874239683151245	0
CG4743	-2.429042100906372	0
LpR2	2.1117300987243652	0
LpR1	-2.3143470287323	0
CG5890	-3.193514108657837	0
Tsp96F	-2.6547720432281494	0
CR43259	5.094498157501221	0
CG42235	5.918943881988525	0
CCAP-R	-2.032181978225708	0.02813499979674816
CG42261	-3.0214951038360596	0
E(spl)mbeta-HLH	4.830505847930908	0
E(spl)m3-HLH	4.727622985839844	0
Dak1	-1.9532619714736938	0
CG31323	-2.2077860832214355	0
CG6154	-2.805614948272705	0
CG33970	5.498785018920898	0
CG5455	1.8895820379257202	0
beat-VII	-2.995650053024292	0
amon	-2.544419050216675	0
Lerp	-2.4613399505615234	0
His2Av	-2.0678300857543945	0
BM-40-SPARC	5.784130096435547	0
Rb97D	-1.5443140268325806	0
T48	5.016637802124023	0
sda	-2.65692400932312	0
CG14252	-1.7441619634628296	0.0002229999954579398
Tsp97E	-2.477066993713379	0
CG31064	-2.223936080932617	0
CG18766	-1.6897460222244263	0
CG5934	-1.5215539932250977	0
CG5938	-1.5791269540786743	0
side	-3.734950065612793	0
CG5646	-2.759455919265747	0
Tusp	-2.907597064971924	0
Mtl	2.277940034866333	0
unc80	-2.494947910308838	0
CG5590	2.245255947113037	0
CG34353	-2.799407958984375	0
mino	2.151352882385254	0.000006000000212225132
CG5514	-1.5911710262298584	0
betaTub97EF	3.2459309101104736	0
CG34362	-3.1898388862609863	0
CG34354	-3.007469892501831	0
Moca-cyp	-1.5935909748077393	0
beat-VI	-3.13098406791687	0
CG31051	-2.9755420684814453	0
CG12413	-1.8794649839401245	0.0234179999679327
fkh	-2.772252082824707	0
MRE23	-4.312629222869873	0.00010099999781232327
Hrb98DE	-1.6101800203323364	0
CG10011	-1.8370490074157715	0
Apc	-1.8380650281906128	0
Inx3	5.16894006729126	0
CG33203	-3.1281239986419678	0
CG14521	-3.0344269275665283	0
CR45669	-4.073301792144775	0.007091999985277653
Sirt7	-1.621925950050354	0.011129000224173069
alpha-Man-Ib	-2.1888809204101562	0
CG14509	-3.346688985824585	0
CG11899	2.9848289489746094	0.000004999999873689376
CR31044	5.522731781005859	0
Ef1gamma	1.5564700365066528	0
Ptp99A	-2.6146349906921387	0
Dop1R2	-3.425436019897461	0
Gycalpha99B	-2.678581953048706	0
Kul	-3.1366660594940186	0
CG7834	2.6160240173339844	0
CG15522	-2.8227028846740723	0
TkR99D	-2.575376033782959	0.0030139998998492956
CG7903	-2.1456658840179443	0
Tace	-2.7476038932800293	0
Sry-beta	-1.5642729997634888	0
CG7946	-2.259676933288574	0
AdoR	1.6787259578704834	0.01816200092434883
CG31030	-3.4257919788360596	0
mRpS18C	-1.5105400085449219	0
aralar1	1.5741080045700073	0
CG2224	-1.5138349533081055	0.00003600000127335079
CDase	5.268894195556641	0
CG34155	-2.2899110317230225	0
zfh1	2.3760430812835693	0
CG12071	-3.280505895614624	0
Aph-4	3.987802028656006	0
CG11317	-2.997222900390625	0
Gycbeta100B	-2.9119839668273926	0
CG1750	-2.06825590133667	0.00007699999696342275
CG34347	-2.8676750659942627	0.000003000000106112566
Med	-1.7378079891204834	0
pasha	-1.8501390218734741	0.000003999999989900971
kek6	-2.7552449703216553	0
ttk	4.359706878662109	0
Ef1alpha100E	-3.171367883682251	0
Acf1	-1.783262014389038	0
RhoGAP100F	-3.5653600692749023	0
CR45557	-3.672597885131836	0.0053449999541044235
ci	3.2365849018096924	0
pan	-2.336380958557129	0
Crk	-1.5835000276565552	0
CG31999	4.251532077789307	0
dpr7	-3.803734064102173	0
RhoGAP102A	-3.3416149616241455	0
NfI	-2.3504838943481445	0
CR44023	-3.9594531059265137	0.0003220000071451068
Syt7	-3.3689639568328857	0
Lin29	-3.3518290519714355	0
CR44024	-3.37556791305542	0
CaMKI	-1.9602630138397217	0
pncr013:4	2.473926067352295	0
Asator	-2.1439309120178223	0
zfh2	3.1648600101470947	0
CG1909	-2.7511510848999023	0
onecut	-3.0815858840942383	0
mav	3.3617238998413086	0
CG1732	3.134443998336792	0
CG11360	-1.8826980590820312	0
myo	4.162074089050293	0
ey	-2.0461790561676025	0
Sox102F	-1.8301140069961548	0.00019700000120792538
CR43425	-2.8685250282287598	0.000009000000318337698
unc-13	-2.591115951538086	0
CR44029	2.7463009357452393	0
mGluR	-2.9855170249938965	0
toy	-2.7953429222106934	0
CG11077	-3.0792360305786133	0
CG11076	-1.6172059774398804	0
CaMKII	-2.6870839595794678	0
Rfabg	2.844120979309082	0
Actbeta	-3.0683059692382812	0
Cals	-1.5665940046310425	0
CG32017	-2.87814998626709	0
Kif3C	-3.0566539764404297	0
CG33521	-2.281625986099243	0.023289000615477562
Caps	-2.620771884918213	0
CR40469	2.9513120651245117	0
CR45473	1.676677942276001	0.004311999771744013
tyn	-2.2728309631347656	0
G9a	-1.904778003692627	0
cin	-1.9950579404830933	0
CG13375	-2.167732000350952	0
CG13373	3.6222290992736816	0.04539899900555611
CG17896	3.086738109588623	0
CG17778	-2.66866397857666	0
elav	-2.0726420879364014	0
Appl	-3.2211689949035645	0
Dredd	2.9373939037323	0
CG5254	4.468929767608643	0
CG5273	3.0414440631866455	0
RpL22	2.9256999492645264	0
CR42491	4.119133949279785	0
CG43867	-3.4897398948669434	0
CG3711	-1.7194420099258423	0
CG32815	-2.675513982772827	0
CG3703	-2.5180840492248535	0
CG11638	-3.3601040840148926	0
CG3655	-2.988420009613037	0
CG11378	4.870058059692383	0
DAAM	-2.0918819904327393	0
ssx	-1.9305520057678223	0
CG3719	-1.7457239627838135	0
CG32813	-2.8282980918884277	0
futsch	-3.2500159740448	0
CG14777	2.188460111618042	0
CG14778	3.9321939945220947	0
CG32808	-1.801556944847107	0.013748999685049057
Rab27	-2.6145200729370117	0
Nmdar2	-2.9918150901794434	0
Mur2B	2.802464008331299	0
br	-2.499039888381958	0
CG11509	-2.8159260749816895	0
hfw	3.533576011657715	0
CG32809	-2.757714033126831	0
CG42666	3.338210105895996	0
CG14806	-1.575382947921753	0
trr	-1.5910500288009644	0
arm	-1.5857620239257812	0
moody	4.8115739822387695	0
Sik2	-1.8251659870147705	0
CG4281	-1.630202054977417	0
CG3835	3.4597558975219727	0
Pgd	3.070565938949585	0.000024000000848900527
Vinc	3.2085471153259277	0
CG3091	4.494569778442383	0
CG3078	-2.5556020736694336	0
CG2924	-1.6422829627990723	0
CG2865	-1.951172947883606	0
phl	-1.9473210573196411	0
Ilp6	5.5627827644348145	0
ptr	3.1070480346679688	0
PsGEF	-3.3370919227600098	0
trol	6.1771321296691895	0
mir-4955	6.807315826416016	0.003809999907389283
CG13759	-3.5596930980682373	0.0018279999494552612
CG13760	-1.8890080451965332	0
egh	-2.227081060409546	0
brv3	-2.8322200775146484	0.005981000140309334
sgg	-1.9521859884262085	0
CG2662	-1.735092043876648	0.0018489999929443002
ttm50	-1.586313009262085	0
Syx4	4.066685199737549	0
kirre	-3.113658905029297	0
CG3603	4.161159992218018	0.00406700000166893
rst	-1.9128220081329346	0.00041700000292621553
N	5.970800876617432	0
CG10804	-3.337337017059326	0
CG14270	-1.727362036705017	0
CG32791	-2.374711036682129	0.000019999999494757503
CR34335	4.021905899047852	0
AstA-R1	-2.1628260612487793	0
ec	5.2144060134887695	9.999999974752427e-7
yin	5.0631561279296875	0
CG2930	4.400148868560791	0.00015999999595806003
CG42541	-2.920438051223755	0
Vap-33A	-1.7730059623718262	0
CG6428	-1.9044979810714722	0
CG43689	-2.137892007827759	0.000009000000318337698
cib	1.515105962753296	0
Nsun2	-1.6902920007705688	0.020161999389529228
Fas2	-1.9574010372161865	0
bi	-3.04215407371521	0
CG3556	-2.941261053085327	0
CG3568	-2.1029529571533203	0.00011700000322889537
Usf	-1.5707379579544067	0
CG11436	-1.5801340341567993	0
CG3009	-3.1089038848876953	0
ctp	-1.9912999868392944	0
Proc-R	5.378610134124756	0
CG42594	-3.481455087661743	0
CG32767	-1.6923060417175293	0
CanB	-3.5594890117645264	0
SK	-3.76230788230896	0
CG15784	4.704761981964111	0
CG12730	4.428689956665039	0
Vsx2	-3.3069748878479004	0.02772900089621544
Vsx1	-3.195919990539551	0.008667999878525734
CG42492	-3.380237102508545	0
CR45520	-2.943387031555176	0
CG4119	-1.624480962753296	0
CG3160	-1.8158949613571167	0.0012450000504031777
cv	3.687131881713867	0.0003769999893847853
CG3149	-1.6531360149383545	0
CG33080	5.551449775695801	0
CG15772	-3.418581962585449	0
CG42699	-1.9591259956359863	0
CG3097	4.008863925933838	0
CG15765	-2.6789259910583496	0
CG12236	-1.6115310192108154	0
CG3726	-2.793529987335205	0
CG12728	-1.6230159997940063	0
CG4766	-2.7974090576171875	0.0008650000090710819
mab-21	-2.9458420276641846	0.00041700000292621553
rux	-2.0020599365234375	0
CG5937	-2.697895050048828	0
Tsp5D	4.447366237640381	0
CG4660	-3.289639949798584	0
Nep1	-2.2249419689178467	0
Ca-alpha1T	-3.531714916229248	0
Efr	1.5079100131988525	0
CG14446	-2.2455239295959473	0
Top3beta	-1.6649709939956665	0
CG3815	-1.657518982887268	0.0021730000153183937
CG15894	-3.3558170795440674	0
kdn	-2.2420248985290527	0
CG42340	-3.600714921951294	0
dx	4.000217914581299	0.005408000200986862
CG34417	1.8516650199890137	0.031043000519275665
Pat1	-1.7062560319900513	0
CG3198	-1.5086729526519775	0
CG14440	-1.8730109930038452	0
CG3168	3.5118160247802734	0
CG14431	-3.009622097015381	0
ogre	4.478911876678467	0
bou	2.546497106552124	0.00026599998818710446
Inx2	4.92549991607666	0
CG12541	-2.966691017150879	0
Sxl	-1.6480400562286377	0
CG8300	-2.291038990020752	0
CG9650	-2.4281740188598633	0
unc-119	-2.278604030609131	0
brk	2.5720980167388916	0
CG9657	5.817285060882568	0
ct	2.531001091003418	0
CG1402	-2.513179063796997	0
dpr14	-3.4857819080352783	0
snz	-1.6589930057525635	0
l(1)G0193	2.4965100288391113	0
sn	-3.6064860820770264	0
Tbh	-2.3437581062316895	0
CG2254	5.426130771636963	0
CR45535	5.918675899505615	0.04271699860692024
CG2258	-1.7963310480117798	0
Gclc	2.5009379386901855	0
CG10958	-2.3105480670928955	0.00496200006455183
Gbeta5	-2.8880081176757812	0
Traf6	-1.5474870204925537	0
CG2278	-2.080008029937744	0
sdt	-2.932914972305298	0
CG1636	-1.8164540529251099	0
nAChRalpha3	-3.067307949066162	0
CG12125	-1.643326997756958	0
CG12123	-1.678473949432373	0
Es2	-1.6966780424118042	0.007222999818623066
CG33181	-3.4164040088653564	0
spirit	3.384450912475586	0.04228400066494942
CG12065	3.130837917327881	0
CG12081	-1.8249540328979492	0
oc	-3.1928999423980713	0.000003000000106112566
Ppt1	1.7902799844741821	0.00430600019171834
Hexo2	3.6014909744262695	0
Lim1	-2.997407913208008	0
CG42388	2.397336006164551	0.011649999767541885
CG15365	4.6349639892578125	0.0000019999999949504854
CG44325	4.567314147949219	0
fend	-3.1071360111236572	0
His3.3B	-1.7959929704666138	0
mei-P26	-1.970587968826294	0
CG12106	-1.5699620246887207	0
su(r)	4.178760051727295	0
CG16892	-1.5138020515441895	0.00012700000661425292
mgl	4.627970218658447	0
CG32700	-3.212735891342163	0
Hex-A	1.9256800413131714	0
CG42797	-1.9017119407653809	0
l(1)G0232	-1.5328929424285889	0
CG32698	-2.7815558910369873	0
CG1468	4.124814033508301	0
CG9686	4.344927787780762	0
CG9689	4.5519561767578125	0
CG9691	4.100622177124023	0
Idgf4	4.091200828552246	0
CG15312	-3.174926996231079	0
CG43902	-2.182826042175293	0
Hk	-3.4910271167755127	0
CG2909	-1.6368789672851562	0.0010260000126436353
CG43740	-2.8739728927612305	0
l(1)G0289	1.6703989505767822	0
CG17841	2.374311923980713	0
CG32683	-3.152156114578247	0
nocte	-1.6023720502853394	0
CG2889	-1.803684949874878	0
spri	3.041701078414917	0
CG2124	-1.9076529741287231	0.0000870000003487803
CG43347	-3.128180980682373	0
X11Lbeta	-3.490710973739624	0
ras	-1.6208879947662354	0
Rph	-2.4691789150238037	0
CG15209	4.627734184265137	0
CG17333	1.8048820495605469	0.03182699903845787
Ork1	7.033476829528809	0
CG43901	-3.102199077606201	0
CG42339	-3.6459341049194336	0
CG1552	5.988408088684082	0
CG1545	4.612030029296875	0
CG1537	2.235464096069336	0
sev	4.716341972351074	0
CG2061	-2.305433988571167	0
Hsp60	-1.9234579801559448	0
CG11122	-1.5832929611206055	0
ssp7	4.328864097595215	0
CG15202	3.6513168811798096	0
CG15201	4.163876056671143	0
CG44422	-2.9154670238494873	0
Kap3	-2.0344250202178955	0
Pa1	-1.7368429899215698	0
dlg1	-2.0342249870300293	0
Gs2	4.32071590423584	0
Evi5	-2.415515899658203	0
Sk1	4.703488826751709	0
Cyp4g15	4.203031063079834	0
nod	-2.3479220867156982	0.0010479999473318458
rho-4	-2.0227301120758057	0
bif	-2.0442440509796143	0
CG9360	3.340704917907715	0
Cyp28c1	4.481128215789795	0
CG11802	-1.9831479787826538	0
CG10352	4.8366498947143555	0
CG1840	-1.6131670475006104	0
CG10362	-2.8215389251708984	0
cac	-3.7710139751434326	0
CG1492	-2.1292591094970703	0.04139000177383423
regucalcin	1.933732032775879	0
CG43921	-3.424592971801758	0
CG11138	-2.036562919616699	0
LIMK1	-1.6278460025787354	0
CG1463	-1.9587910175323486	0.000012999999853491317
Tomosyn	-2.673243999481201	0
Tis11	3.7629098892211914	0
CR33963	4.568714141845703	0.000009000000318337698
CG32647	-2.2537240982055664	0
CG4404	2.1953110694885254	0
fne	-3.59118390083313	0
hec	-3.4644339084625244	0.03674900159239769
rad	-3.6064560413360596	0
CG43313	5.378796100616455	0
CG32638	1.5073169469833374	0
sno	-2.6176650524139404	0
mew	-2.2332680225372314	0
comt	-2.570544958114624	0
HDAC4	-1.6934369802474976	0
CG1622	-1.5374360084533691	0
IP3K2	3.8666579723358154	0
CR45018	4.661893844604492	0
Syt12	-2.3278861045837402	0
Rbp1-like	-2.383513927459717	0
CG1673	4.623074054718018	0
Neto	-2.3502140045166016	0
Tango13	-2.056649923324585	0
CG11178	-1.8541369438171387	0.00005700000110664405
CG12177	5.07710599899292	0
NnaD	-2.959199905395508	0
Pdcd4	-2.6343579292297363	0
inaE	-3.6942100524902344	0
jub	-1.8049529790878296	0.00002700000004551839
l(1)G0469	-1.638476014137268	0
CG13404	-3.2170629501342773	0
na	-3.077138900756836	0
dpr8	-3.38177490234375	0
CG14414	-1.9111520051956177	0
mRpS25	-1.5378320217132568	0
CG5321	5.251828193664551	0
NetB	-2.834826946258545	0
CG15890	4.1652398109436035	0
rut	-2.6658740043640137	0
CG14408	-2.7262349128723145	0
pdgy	4.151106834411621	0
CR44831	2.191309928894043	0.016408000141382217
eag	-3.8328258991241455	0
hiw	-2.304879903793335	0
be	4.72382116317749	0
CG5541	3.6788430213928223	0
Lsd-2	4.798666954040527	0
Rab3-GEF	-3.2012720108032227	0
Cyp4s3	4.624899864196777	0
drd	3.945405960083008	0.00016500000492669642
CG43737	-3.405548095703125	0
HDAC6	2.8794031143188477	0
CR44998	6.203849792480469	0
CG9123	-3.4018828868865967	0
acj6	-2.790771961212158	0
CG9164	-2.569024085998535	0
Cngl	-4.157166957855225	0
CG11655	3.239619016647339	0
CG15642	-3.0579450130462646	0
Ac13E	-1.5062899589538574	0
CG7860	3.6434381008148193	0
cerv	-1.5810350179672241	0
CG9220	5.535064220428467	0
CG15601	-1.7689520120620728	0.0007040000054985285
l(1)G0136	-1.778120994567871	0
sd	-1.8817529678344727	0
shi	-2.3007569313049316	0
CG8909	-2.486959934234619	0
Lcch3	-2.809746026992798	0
Ranbp16	-1.6120630502700806	0
mmd	-3.848155975341797	0
CG9170	-2.997464895248413	0
exd	-1.531322956085205	0
dpr18	-2.80623197555542	0
disco-r	-2.9345810413360596	0.00018200000340584666
disco	-2.9139420986175537	0.00013000000035390258
eas	-3.019357919692993	0
CG9914	2.8245849609375	0
Cyp1	1.9363540410995483	0
CG9917	2.491676092147827	0
CG9919	-3.243393898010254	0
CG4239	-1.7650359869003296	0
AnxB11	1.7221349477767944	0
para	-4.169693946838379	0
Pp2B-14D	-2.1316258907318115	0
CanA-14F	-2.010849952697754	0
Cap	-1.622413992881775	0
CG13012	4.210236072540283	0
Axs	2.297995090484619	0.00023200000578071922
CG9634	4.785336971282959	0
if	4.340392112731934	0
CG4768	-1.601820945739746	0
CG9132	-2.0465359687805176	0
CG4829	5.333527088165283	0
CG13004	3.537101984024048	0
RSG7	-3.1791040897369385	0
Rcp	-1.6844580173492432	0.000014000000192027073
CG13001	-2.0224740505218506	0
RhoGAP15B	3.620521068572998	0.003244000021368265
CG45002	-3.0130441188812256	0
CG12994	-2.996181011199951	0
CG12991	-2.1541531085968018	0
X11L	-1.6137109994888306	0
RhoGAPp190	-2.0089640617370605	0
CG8188	-1.5008679628372192	0
Ucp4A	-1.7261439561843872	0
CG6769	-1.5725940465927124	0
CG6847	5.432380199432373	0
Sh	-4.387954235076904	0
CG12672	-3.1473159790039062	0.008805000223219395
CG6867	-3.1920509338378906	0
scu	1.7088769674301147	0
CG7192	-1.7481809854507446	0.000003000000106112566
Taf8	-2.142551898956299	0.03507699817419052
Frq1	-3.347074031829834	0
Frq2	-3.1564199924468994	0
CG33639	-2.9137930870056152	0
CG6123	-3.007322072982788	0
CG6179	-1.6966389417648315	0.00007500000356230885
Tsf1	4.748948097229004	0
CG32547	-2.8531599044799805	0
Wnt5	-3.3801519870758057	0
Ggt-1	-1.8853329420089722	0.0016980000073090196
Bx	-2.2506868839263916	0
wgn	2.589365005493164	0
CCKLR-17D1	-3.942060947418213	0.0006370000191964209
CCKLR-17D3	-3.6984989643096924	0
bnb	6.060770034790039	0
CG7058	-2.3815929889678955	0
CG42450	-3.170557975769043	0
CG7322	3.988301992416382	0.0018479999853298068
CG32544	-3.3992979526519775	0
CG34401	-2.364698886871338	0
CG7378	-2.237200975418091	0
CG43759	-2.937602996826172	0
RhoGAP18B	4.1917500495910645	0
CG7990	-2.8675150871276855	0
Hs3st-B	-2.377108097076416	0
CG8010	-2.2709689140319824	0.0002770000137388706
nAChRalpha7	-3.509152889251709	0
CG32532	-3.15610408782959	0.00003899999865097925
MKP-4	-1.941601037979126	0
CG14215	-1.8970340490341187	0
CG14232	-1.5859999656677246	0
CG12531	-3.1119260787963867	0
CG14234	-2.8475749492645264	0
vfl	-3.0009329319000244	0
Hers	-1.7304970026016235	0
Dop2R	-4.060120105743408	0
CG9577	2.073467969894409	0
CG1504	-3.6081089973449707	0
Syx16	-1.5906720161437988	0
CG1695	-3.2419509887695312	0
CG32506	-2.894134998321533	0
GstT3	3.3682429790496826	0.000534999999217689
RunxA	-3.3180150985717773	0.000195999993593432
Cyp6v1	4.553944110870361	0.004203000105917454
shakB	-3.9040839672088623	0
CG15449	-2.292431116104126	0.000018000000636675395
Mgstl	2.4832921028137207	0
Cbs	-2.3038339614868164	0
CG32512	4.020781993865967	0
CG32521	4.672980785369873	0
CG1722	3.8730359077453613	0
tty	-3.504477024078369	0
fliI	-1.8692810535430908	0.000024000000848900527
sol	-1.72148597240448	0
CG42343	-2.6550309658050537	0
Cyp6t1	5.30418586730957	0
CG12576	-1.648069977760315	0
CG17600	-1.9925620555877686	0
fog	4.299436092376709	0
CG42346	-1.8038170337677002	0
CR45009	-2.719451904296875	0
Rab21	-1.5360770225524902	0
zyd	5.611807823181152	0
CG17163	-1.5181200504302979	0